FileID,Label
95_train.csv,1
46_train.csv,1
119_train.csv,1
154_train.csv,1
81_train.csv,1
44_train.csv,1
142_train.csv,1
118_train.csv,1
173_train.csv,1
65_train.csv,1
177_train.csv,2
76_train.csv,2
107_train.csv,2
190_train.csv,2
164_train.csv,2
11_train.csv,2
47_train.csv,2
129_train.csv,2
58_train.csv,2
22_train.csv,2
52_train.csv,2
123_train.csv,2
56_train.csv,2
42_train.csv,4
63_train.csv,4
183_train.csv,4
39_train.csv,4
196_train.csv,4
48_train.csv,4
35_train.csv,4
25_train.csv,4
16_train.csv,4
194_train.csv,4
134_train.csv,5
51_train.csv,5
159_train.csv,5
5_train.csv,5
140_train.csv,5
17_train.csv,5
90_train.csv,5
172_train.csv,5
109_train.csv,5
175_train.csv,5
19_train.csv,5
195_train.csv,5
41_train.csv,5
85_train.csv,0
84_train.csv,0
34_train.csv,0
20_train.csv,0
9_train.csv,0
116_train.csv,0
26_train.csv,0
32_train.csv,0
104_train.csv,0
139_train.csv,0
50_train.csv,0
125_train.csv,0
67_train.csv,0
72_train.csv,3
124_train.csv,3
136_train.csv,3
29_train.csv,3
108_train.csv,3
150_train.csv,3
80_train.csv,3
66_train.csv,3
79_train.csv,3
147_train.csv,3
151_train.csv,3
143_train.csv,3
89_train.csv,3
60_train.csv,6
82_train.csv,6
174_train.csv,6
59_train.csv,6
102_train.csv,6
157_train.csv,6
141_train.csv,6
178_train.csv,6
13_train.csv,6
31_train.csv,6
6_train.csv,6
152_train.csv,6
75_train.csv,6
182_train.csv,6
176_train.csv,6
